image,backend,seconds,sam_iou,sam_stability,coverage,edge_ambiguity,touches_border,error
e01_sneaker_black.jpg,u2net,1.648661580999942,,,0.2027231664369928,0.031226458429030775,0.0006435006435006435,
e02_sneaker_white_dark.jpg,u2net,1.3481822440000997,,,0.2003827897718573,0.014383708467309754,0.0,
e03_watch_analog.jpg,u2net,1.191330420999975,,,0.07412647374062165,0.010519828510182207,0.0,
e04_headphones_black.jpg,u2net,1.1809416890000648,,,0.16041800643086818,0.08444878272852549,0.0,
e05_lotion_bottle.jpg,u2net,1.1832068500000332,,,0.17140790078089113,0.009327821160618588,0.0,
e06_mug_coffee.jpg,u2net,1.1908302719998574,,,0.185951871657754,0.02593735676088617,0.0,
e07_perfume_wood.jpg,u2net,1.4312478879999162,,,0.14380493033226152,0.15893661001378043,0.0,
h01_white_on_white_mugs.jpg,u2net,1.595097596999949,,,0.1309860664523044,0.018527024957893126,0.0,
h02_glass_perfume.jpg,u2net,1.2110232649999944,,,0.21332521395655035,0.013694535878867676,0.07088199758356827,
h03_furry_teddy.jpg,u2net,1.2172870509998575,,,0.21492420762517225,0.018133517072423826,0.0,
h04_thin_frame_glasses.jpg,u2net,1.2917098689999875,,,0.08147482993197279,0.02061904761904762,0.0,
h05_multi_object_bags.jpg,u2net,1.1728023590001158,,,0.2747687949777982,0.16295590261828205,0.019305019305019305,
