image,product_definition,confirmed_by_human,notes
e01_sneaker_black.jpg,검정 스니커즈 2짝 전체 (매단 끈 포함 여부 확인 필요),,
e02_sneaker_white_dark.jpg,흰 스니커즈 2짝 전부,,
e03_watch_analog.jpg,손목시계 본체 + 스트랩 전체,,
e04_headphones_black.jpg,헤드폰 전체 (헤드밴드 아래 빈 공간은 배경),,
e05_lotion_bottle.jpg,로션 튜브 1개,,
e06_mug_coffee.jpg,머그 1개 (손잡이 구멍 안쪽은 배경 / 안에 담긴 커피는 상품에 포함),,
e07_perfume_wood.jpg,향수병만 — 나무 받침은 배경 (R2),,
h01_white_on_white_mugs.jpg,흰 머그 2개 전부 (R3),,
h02_glass_perfume.jpg,유리병 1개 — 병 너머로 비치는 배경은 배경으로 처리,,
h03_furry_teddy.jpg,곰인형 전체 (털 경계 포함),,
h04_thin_frame_glasses.jpg,안경테 + 렌즈 — 렌즈 안쪽은 상품에 포함 / 테와 테 사이 빈 공간은 배경,,
h05_multi_object_bags.jpg,주황 가방 2개만 — 화병·선반·사람 손·휴대폰은 배경 (R2),,
